country,date,BX.KLT.DINV.CD.WD,CC.EST,GC.DOD.TOTL.GD.ZS,GE.EST,IC.BUS.EASE.XQ,NE.EXP.GNFS.ZS,NE.IMP.GNFS.ZS,NY.GDP.MKTP.CD,NY.GDP.PCAP.CD,RL.EST
Brazil,1991,1103000000.0,,,,,8.67763659887868,7.91444116378595,342534090909.091,2257.6092968885,
Brazil,1992,2061000000.0,,,,,10.8683116605935,8.38506312730241,328191909882.232,2127.31642731638,
Brazil,1993,1292000000.0,,,,,10.5032716554144,9.09604889204913,368292034380.96,2348.88247685352,
Brazil,1994,3072000000.0,,,,,9.51307642702004,9.16168336908223,525369467295.737,3298.71250747787,
Brazil,1995,4859000000.0,,,,,7.52887503847073,9.45558496072482,769333050986.905,4756.74840785403,
Brazil,1996,12552000000.0,-0.0185795314610004,,-0.143133714795113,,6.73020968312685,8.90538179274132,850426432991.742,5179.13052002464,-0.223502203822136
Brazil,1997,18992934310.6468,,,,,6.98364957530895,9.59255968601575,883206179730.462,5299.39630404412,
Brazil,1998,28855609916.42,0.0414753258228302,,-0.201571121811867,,7.03050033871807,9.40808459248784,863710759256.435,5105.89099544117,-0.202992081642151
Brazil,1999,28385675614.9902,,,,,9.5648982609794,11.4172682172491,599642024319.531,3493.57162513699,
Brazil,2000,32994718699.75,0.0132387839257717,,0.0430850870907307,,10.1880480043795,12.4517133524146,655448231983.527,3766.54811466032,-0.244871854782104
Brazil,2001,23225846372.251,,,,,12.37171066993,14.564574352134,559983634798.981,3176.28935747524,
Brazil,2002,16586600193.114,0.0819423124194145,,-0.0346153452992439,,14.2305902713775,13.3877671308534,509795273806.715,2855.94018885769,-0.266611307859421
Brazil,2003,10123013670.9901,0.090239018201828,,0.0817573666572571,,15.1807837086861,12.9596010144732,558233745651.874,3090.6070097455,-0.367893666028976
Brazil,2004,18161380459.7533,-0.0272687114775181,,-0.0922709181904793,,16.5457615119353,13.1324909668183,669289424806.307,3663.823188064,-0.400920122861862
Brazil,2005,15459981604.1196,-0.153748139739037,,-0.157670244574547,,15.2438292672646,11.8429659383147,891633839853.105,4827.78173052472,-0.475531458854675
Brazil,2006,19418085598.0794,-0.120479896664619,,-0.391295492649078,,14.3743163003006,11.6673835850045,1107626541710.74,5934.1447107274,-0.402620196342468
Brazil,2007,44579492463.6336,-0.0839887857437134,,-0.290289968252182,,13.327675103099,11.9649362705808,1397114486471.38,7409.69130727951,-0.40977942943573
Brazil,2008,50716402711.4787,0.0034373681992292,,-0.148200899362564,,13.5340005124035,13.723568904076,1695855083552.05,8908.33176567294,-0.288044780492783
Brazil,2009,31480931700.0,-0.079985611140728,,-0.151303574442863,,10.851371134098,11.2546044706088,1666996438681.46,8678.65922498836,-0.103854693472385
Brazil,2010,82389932468.07,0.0438063591718674,61.3187804611479,-0.0868625491857529,,10.8655847746965,11.9065933373084,2208837745214.23,11403.2821284616,0.0564144365489483
Brazil,2011,102427228231.42,0.168382421135902,59.3416583014604,-0.152404069900513,,11.5825126782808,12.3518924970444,2616156223977.47,13396.6243566047,0.0451417230069637
Brazil,2012,92568388321.34,-0.0468542315065861,59.8494899958247,-0.16054867208004,,11.8775390694448,13.2367345392086,2465227803011.57,12521.7213530369,-0.0769327953457832
Brazil,2013,75211029129.4,-0.0979596078395844,57.228409380258,-0.119030974805355,,11.742230645138,14.0437266803948,2472819535742.73,12458.891214816,-0.0920452028512955
Brazil,2014,87713983217.24,-0.366117089986801,58.4572711058609,-0.175920635461807,,11.0119428190539,13.6734629940752,2456043727198.85,12274.9939689363,-0.0529657602310181
Brazil,2015,64738153494.44,-0.457840710878372,67.5375540277116,-0.255271553993225,,12.9001914177405,14.0534345182709,1802212206904.68,8936.19661756825,-0.187332957983017
Brazil,2016,74294627801.19,-0.446095585823059,73.4188038096758,-0.249387070536613,,12.4666790443888,12.0670030360511,1795693482652.52,8836.28652636996,-0.201301991939545
Brazil,2017,68885491315.23,-0.559814631938934,83.6692026509366,-0.317140609025955,,12.5189678700669,11.8007665046081,2063514977334.32,10080.5092817775,-0.305428564548492
Brazil,2018,78183840044.98,-0.480954378843307,86.6078841199146,-0.520569622516632,,14.6349994952986,14.2412038806757,1916933898038.36,9300.66164936497,-0.30234295129776
Brazil,2019,69174411753.45,-0.40789270401001,92.5652531882782,-0.234114676713943,124.0,14.1229191903622,14.7673386775793,1873288205186.45,9029.83326742175,-0.224319815635681
Brazil,2020,38270116307.45,-0.429083496332169,98.7098819546545,-0.465709209442139,,16.4535520107044,15.8485265356365,1476107231194.11,7074.19378281866,-0.231919765472412
Brazil,2021,46440503520.19,-0.499217957258224,85.0115036701985,-0.492990374565125,,19.1094303673866,18.5469003894967,1670647399034.67,7972.53665048385,-0.301417380571365
Brazil,2022,74606361830.23,-0.566354334354401,79.1023218878495,-0.588259339332581,,19.6307650034371,19.1853009729027,1951923942083.32,9281.33334441234,-0.257879137992859
Brazil,2023,62441880089.59,-0.503643155097961,83.6989369386242,-0.546764314174652,,18.1102794216442,15.7436671722105,2173665655937.27,10294.866680778,-0.308802843093872
China,1991,4366000000.0,,,,,14.4878781448342,11.4618459582464,383373318083.624,333.142145400184,
China,1992,11156000000.0,,,,,15.6582196753392,14.4874967782585,426915712715.856,366.460692306116,
China,1993,27515000000.0,,,,,16.7022945502994,19.3537833179487,444731282435.515,377.3898394789,
China,1994,33787000000.0,,,,,18.536841051673,17.2331523968491,564321854521.013,473.489916407064,
China,1995,35849200000.0,,,,,17.9525593720078,16.3244794663664,734484834573.582,609.604337927454,
China,1996,40180000000.0,-0.271189510822296,,-0.348653882741928,,17.9232416590318,15.8914021302523,863749314718.538,709.415888233368,-0.545589983463287
China,1997,45439000000.0,,,,,19.4932044346528,15.0398837413974,961601980984.623,781.74256121344,
China,1998,45644000000.0,-0.353955000638962,,-0.198783293366432,,18.342006982237,14.0821331520758,1029060747620.65,828.594691043134,-0.476805359125137
China,1999,41014000000.0,,,,,18.1625864572871,15.3617777891571,1094003874937.34,873.292336318005,
China,2000,42095300000.0,-0.208548709750175,,-0.158842876553535,,20.8937072974529,18.5173265975939,1211331651866.09,959.360431369138,-0.51611715555191
China,2001,47053000000.0,,,,,20.312067216126,18.21514310996,1339400897105.11,1053.11231442789,
China,2002,53073618897.4036,-0.557897567749023,,-0.123097203671932,,22.6446280317419,20.1025535239991,1470557654799.95,1148.51425710711,-0.517029762268066
China,2003,57900937467.3864,-0.395265489816666,,-0.147587299346924,,26.9808771439925,24.82334243075,1660280543846.79,1288.63749134336,-0.553043842315674
China,2004,68117272181.2194,-0.565061569213867,,-0.109930388629436,,31.0613413353482,28.4441900780444,1955346768721.39,1508.66791560781,-0.585468709468842
China,2005,104108693867.085,-0.617887735366821,,-0.140640497207642,,33.829927750047,28.3780941731833,2285961149879.85,1753.41419160544,-0.650172889232635
China,2006,124082035618.506,-0.51888769865036,,0.0357880145311356,,36.0351972897845,28.4439939103899,2752118657184.02,2099.2194300499,-0.699893414974213
China,2007,156249335203.202,-0.599234640598297,,0.165997371077538,,35.4349475807119,26.7586775044594,3550327802998.4,2693.95873160283,-0.597397744655609
China,2008,171534650311.569,-0.526307642459869,,0.165779024362564,,32.6025028810906,25.0098393604755,4594336785737.67,3468.32706307504,-0.479174673557281
China,2009,131057052869.5,-0.519456624984741,,0.0932420492172241,,24.7499139061302,20.4350623009177,5101691124285.21,3832.2274569094,-0.46321377158165
China,2010,243703434558.178,-0.570009887218475,,0.0918448567390442,,27.1853327204051,23.5317449422952,6087191746679.49,4550.47394356715,-0.472601860761642
China,2011,280072219149.935,-0.514727592468262,,0.0836087092757225,,26.5681893451605,24.1727152412604,7551545703440.75,5614.38602225277,-0.453809976577759
China,2012,241213868161.42,-0.438275933265686,,0.0153677640482783,,25.4925222245396,22.7750001428637,8532185381680.59,6300.58217951734,-0.545384466648102
China,2013,290928431467.003,-0.355887651443481,,-0.0051206895150244,,24.599254436897,22.1451211404583,9570471111831.68,7020.3860742288,-0.52588939666748
China,2014,268097181064.335,-0.337719589471817,,0.354851633310318,,23.5100609074235,21.3951550469261,10475624944355.2,7636.07434020616,-0.396053194999695
China,2015,242489331627.399,-0.299921870231628,,0.417423009872437,,21.3540798828848,18.110089452417,11061572618578.7,8016.44559489998,-0.408455699682236
China,2016,174749584584.051,-0.268094301223755,,0.356383770704269,,19.5843800536482,17.3100349634307,11233313730348.7,8094.39016735149,-0.32396873831749
China,2017,166083755721.649,-0.291626125574112,,0.416875630617142,,19.6922769882201,17.9401362522062,12310491333980.9,8817.04560829162,-0.255178093910217
China,2018,235365050036.341,-0.286848217248917,,0.496678441762924,,19.1121035364139,18.4536805657234,13894907857880.6,9905.40638304527,-0.186479195952415
China,2019,187169822364.755,-0.312614381313324,,0.544862508773804,32.0,18.4099923154801,17.4801037187624,14279968506271.7,10143.8602206165,-0.261681526899338
China,2020,253095616058.58,-0.0710281431674957,,0.643971681594849,,18.5861391981332,16.1681565014734,14687744162801.0,10408.7195541075,-0.102505102753639
China,2021,344074977062.48,0.0302335843443871,,0.80791163444519,,19.9439738307083,17.3580170349289,17820459508852.2,12617.5051041181,0.0102688856422901
China,2022,190203789092.51,0.0160636715590954,,0.494212538003922,,20.7914830663638,17.5599990173084,17881782683707.3,12662.5826712038,-0.04217629134655
China,2023,42727679407.24,-0.0053701046854257,,0.679014027118683,,19.7430723247274,17.573699039207,17794783039552.0,12614.0617416421,-0.0401299707591534
"Egypt, Arab Rep.",1991,253000000.0,,,,,27.4666666666667,35.3777777777778,37387836490.5284,622.829605007867,
"Egypt, Arab Rep.",1992,459000000.0,,,,,28.3968368080518,30.9130122214234,41855986519.4235,680.79923864551,
"Egypt, Arab Rep.",1993,493000000.0,,,,,25.8376288659794,30.090206185567,46578631452.581,740.334217356418,
"Egypt, Arab Rep.",1994,1256000000.0,,,,,22.5714285714286,28.0571428571429,51897983392.6453,807.303537230487,
"Egypt, Arab Rep.",1995,598000000.0,,,,,22.5490196078431,27.6960784313726,60159245060.4541,916.326617700876,
"Egypt, Arab Rep.",1996,636000000.0,-0.472254395484924,,-0.473676085472107,,20.7497820401046,26.1987794245859,67629716981.1321,1008.97637629447,0.0012624410446733
"Egypt, Arab Rep.",1997,890550000.0,,,,,18.8416698006769,24.8965776607747,78436578171.0914,1146.20172117634,
"Egypt, Arab Rep.",1998,1076000000.0,-0.477870136499405,,-0.204747274518013,,16.214335421016,25.7132915796799,84828807556.0803,1212.82259820477,-0.126968279480934
"Egypt, Arab Rep.",1999,1065300000.0,,,,,15.0520156046814,23.3094928478544,90710704806.8416,1268.30949160496,
"Egypt, Arab Rep.",2000,1235000000.0,-0.4926677942276,,-0.174759328365326,,16.2011173184358,22.8168185827698,99838543960.0763,1366.09274372613,-0.0515826977789402
"Egypt, Arab Rep.",2001,509900000.0,,,,,17.4797881237803,22.330638416504,96684636118.5984,1295.1374184163,
"Egypt, Arab Rep.",2002,646900000.0,-0.44015771150589,,-0.446098297834396,,18.3161784111903,22.6708894167326,85146067415.7303,1116.82884626213,-0.0114680724218488
"Egypt, Arab Rep.",2003,237400000.0,-0.530747950077057,,-0.389788568019867,,21.7964071856287,24.3832335329341,80288461538.4615,1031.27556291284,-0.0023544689174741
"Egypt, Arab Rep.",2004,1253300000.0,-0.583505749702454,,-0.278711497783661,,28.2299608489594,29.5899443643107,78782467532.4675,991.255689145253,0.0133178951218724
"Egypt, Arab Rep.",2005,5375600000.0,-0.539499521255493,,-0.399056732654572,,30.3435468895079,32.6090993500464,89600665557.4043,1104.80340733395,-0.0012232348090037
"Egypt, Arab Rep.",2006,10042800000.0,-0.737334072589874,,-0.49823722243309,,29.9498138254816,31.5687226809131,107426086956.522,1298.97900203124,-0.278967440128326
"Egypt, Arab Rep.",2007,11578100000.0,-0.737870097160339,85.7885338345865,-0.374726384878159,,30.249731471536,34.828141783029,130437828371.278,1547.74170735909,-0.246213480830193
"Egypt, Arab Rep.",2008,9494600000.0,-0.765909254550934,,-0.380703538656235,,33.0429927414852,38.6376326074819,162818181818.182,1896.21594269779,-0.129783600568771
"Egypt, Arab Rep.",2009,6711600000.0,-0.464862793684006,,-0.208088099956512,,24.9568221070812,31.596622529265,189147005444.646,2161.63964573927,-0.0833449959754944
"Egypt, Arab Rep.",2010,6385600000.0,-0.596871852874756,,-0.321309953927994,,21.3492458146859,26.5871042599039,218983666061.706,2455.08194645282,-0.174863860011101
"Egypt, Arab Rep.",2011,-482700000.0,-0.633263945579529,,-0.440889060497284,,20.5674276128656,24.6882065494858,235989672977.625,2590.64384891965,-0.483893096446991
"Egypt, Arab Rep.",2012,2797700000.0,-0.579664349555969,,-0.681878209114075,,16.3969666208873,24.3148026512211,279116666666.667,2996.0677072015,-0.536399841308594
"Egypt, Arab Rep.",2013,4192200000.0,-0.614102065563202,,-0.782936871051788,,17.0178456245969,23.3551924317351,288434108527.132,3025.52563552448,-0.73585569858551
"Egypt, Arab Rep.",2014,4612200000.0,-0.575518012046814,,-0.716656744480133,,14.2441314553991,22.6760563380282,305595408895.265,3133.39102265541,-0.698402404785156
"Egypt, Arab Rep.",2015,6925200000.0,-0.600906729698181,,-0.690327763557434,,13.1838454928598,21.6620974671631,329366576819.407,3306.98159414141,-0.601831138134003
"Egypt, Arab Rep.",2016,8106800000.0,-0.590893149375916,,-0.536168873310089,,10.3454639403558,19.9010851110947,332441717791.411,3270.6287768197,-0.477475792169571
"Egypt, Arab Rep.",2017,7408700000.0,-0.495982348918915,,-0.530632019042969,,15.0140868185672,27.8180475395935,248362771739.13,2395.10333299491,-0.448036134243011
"Egypt, Arab Rep.",2018,8141300000.0,-0.514722347259521,,-0.454036295413971,,17.984655608418,27.9263640649779,262588632526.73,2484.70315630508,-0.301445573568344
"Egypt, Arab Rep.",2019,9010100000.0,-0.655317544937134,,-0.251354306936264,114.0,16.6440314510365,24.4799857040743,318678815489.749,2962.98892023003,-0.332123339176178
"Egypt, Arab Rep.",2020,5851800000.0,-0.810433626174927,,-0.44617161154747,,12.4727757370868,19.6534798296655,383817841547.099,3511.11381026379,-0.317483067512512
"Egypt, Arab Rep.",2021,5122300000.0,-0.70594334602356,,-0.457696795463562,,10.5611502153652,19.295823265447,424671765455.704,3827.35415374308,-0.260645717382431
"Egypt, Arab Rep.",2022,11399900000.0,-0.678962171077728,,-0.448231309652328,,15.0870258208479,21.8960790564233,476747720364.742,4233.30783744856,-0.26560452580452
"Egypt, Arab Rep.",2023,9840600000.0,-0.747790396213531,,-0.239516973495483,,19.1021039290635,21.3403342882993,396002496996.96,3457.45691570455,-0.184178426861763
Ethiopia,1991,,,49.6471547793914,,,,,13799799323.6715,277.565910365091,
Ethiopia,1992,170000.0,,43.3007948756543,,,,,10754799036.5745,207.406400863847,
Ethiopia,1993,3500000.0,,71.5033855542775,,,,,9051043870.12197,168.520401400989,
Ethiopia,1994,17210000.0,,90.2523100095927,,,,,7100806753.92942,127.685923459033,
Ethiopia,1995,14140000.0,,80.6182076424932,,,,,7855205206.93405,136.523619088963,
Ethiopia,1996,21930000.0,-0.9305459856987,70.3936489385985,-1.2075936794281,,,,8761215548.48614,147.327458851964,-0.965788543224335
Ethiopia,1997,288490000.0,,67.7317426757118,,,,,8803539988.33248,143.369531498844,
Ethiopia,1998,260670000.0,-0.903203785419464,76.0638442706389,-1.19072878360748,,,,8013274131.69715,126.465095781244,-0.908676981925964
Ethiopia,1999,69980000.0,,83.4720247831402,,,,,7892973531.80045,120.734631499865,
Ethiopia,2000,134640000.0,-0.906757354736328,,-1.20650112628937,,,,8242349617.8638,122.269202606069,-0.983719408512115
Ethiopia,2001,349400000.0,,,,,,,8231326016.47494,118.457204255261,
Ethiopia,2002,255000000.0,-0.717909097671509,,-1.04439079761505,,,,7850809498.16803,109.593813612988,-0.959304392337799
Ethiopia,2003,465000000.0,-0.777412176132202,,-1.07022738456726,,,,8623691300.04079,116.800491132777,-0.834280729293823
Ethiopia,2004,545100000.0,-0.757493495941162,,-0.878722608089447,,,,10131187261.4421,133.169812538096,-0.893445909023285
Ethiopia,2005,265111675.482385,-0.772508382797241,,-0.917718350887299,,,,12401139453.9738,158.243458082465,-0.938896775245667
Ethiopia,2006,545257102.178304,-0.650104701519012,,-0.690580487251282,,,,15280861834.6024,189.345737521418,-0.667515754699707
Ethiopia,2007,222000572.994807,-0.632185876369476,,-0.47174859046936,,,,19707616772.7996,237.146255996319,-0.659463107585907
Ethiopia,2008,108537543.965443,-0.666399776935577,,-0.450209558010101,,,,27066912635.2228,316.410475118075,-0.706700682640076
Ethiopia,2009,221459581.361984,-0.704722344875336,,-0.562428534030914,,,,32437389116.038,368.574712267445,-0.832281887531281
Ethiopia,2010,288271568.250744,-0.694108724594116,,-0.488994628190994,,,,29933790334.3418,330.619412798644,-0.807519137859344
Ethiopia,2011,628624805.998665,-0.667876601219177,,-0.521041929721832,,16.6868531997337,31.5460822119553,31952763089.33,343.024942351887,-0.741804361343384
Ethiopia,2012,278562822.162861,-0.608586847782135,,-0.454180359840393,,13.7672981990263,31.630605984481,43310721414.0829,452.101031885754,-0.67731785774231
Ethiopia,2013,1343876023.73137,-0.501710414886475,10.733283781495,-0.620984315872192,,12.484073558977,28.9877135217855,47648276605.0123,484.039833104062,-0.649658679962158
Ethiopia,2014,1855052153.64107,-0.448165893554688,26.9372797365191,-0.443245232105255,,11.6416199095703,29.0994642402923,55612228233.5179,549.986577082588,-0.468583732843399
Ethiopia,2015,2626517918.313,-0.476118475198746,27.9431250379303,-0.712037622928619,,9.36331359735926,30.2928105475922,64589328550.5953,621.845673808133,-0.5272017121315
Ethiopia,2016,4142937496.46329,-0.442086547613144,29.0056900690034,-0.714294850826263,,7.81208050267299,27.0869722982698,74296745207.8721,696.195884706786,-0.507818698883057
Ethiopia,2017,4017159564.65434,-0.582322061061859,30.0951131996185,-0.759255349636078,,7.62936862241418,23.4742626798764,81770886825.6048,745.632449222154,-0.469820439815521
Ethiopia,2018,3360419368.65295,-0.50531792640686,32.5332185023587,-0.666894257068634,,8.37267586646371,22.8266990770053,84269196625.8784,747.968143637014,-0.444717615842819
Ethiopia,2019,2548743427.35754,-0.434498816728592,31.4488486740364,-0.66142076253891,159.0,7.9399766087609,20.8753243982814,95912607722.3032,828.70897229725,-0.482023179531097
Ethiopia,2020,2395799880.65984,-0.389672368764877,,-0.589582562446594,,7.12720094276697,16.878912700715,107657734392.446,905.313175805855,-0.402888596057892
Ethiopia,2021,4259445795.28263,-0.422021746635437,,-0.650382697582245,,7.63170164458893,16.7133376825376,111261882958.426,910.947840320752,-0.623265862464905
Ethiopia,2022,3669991332.17486,-0.433258950710297,,-0.791824162006378,,8.24396237462472,18.3515388544611,126772703047.701,1011.0732858233,-0.635894060134888
Ethiopia,2023,3262966283.51939,-0.465061634778976,,-0.768662095069885,,6.59300267773163,13.9924088899406,163697927593.982,1272.01628209211,-0.670203268527985
India,1991,73537638.3885329,,50.0100803583574,,,8.49424077053547,8.49348578059959,270105341879.226,305.574055928592,
India,1992,276512438.973893,,49.6809013594637,,,8.84292692502088,9.59017211680717,288208070278.013,319.182472626315,
India,1993,550370024.929383,,51.7598082886747,,,9.83421745486326,9.81732233160511,279295648982.529,302.884806246174,
India,1994,973271468.722874,,49.5942827047274,,,9.8880849164454,10.1900594604801,327274843459.429,347.73421473994,
India,1995,2143628110.28392,,47.4916413028303,,,10.8439680350622,12.0234806711877,360281909643.489,375.17600537305,
India,1996,2426057021.91092,-0.381090342998505,45.7233077028079,-0.111606687307358,,10.3851692716063,11.5443185997804,392896866204.516,401.046754673579,0.313456207513809
India,1997,3577330042.34585,,50.3654361276153,,,10.690717318379,11.9286695486689,415867563592.829,416.228116203753,
India,1998,2634651657.77141,-0.258726745843887,50.3192181735145,-0.11445739865303,,11.0184691793102,12.6810008997545,421351317224.941,413.630864056851,0.335014313459396
India,1999,2168591054.37924,,51.3529514384148,,,11.4520646128009,13.363533431492,458821052615.79,441.927991436397,
India,2000,3584217307.18756,-0.403301805257797,55.0042464964554,-0.187351524829865,,12.9972363113479,13.9036865990995,468395521654.458,442.750218937263,0.348079591989517
India,2001,5128093561.62688,,59.0179097968845,,,12.5583796339108,13.4348751195257,485440139204.171,450.357900514128,
India,2002,5208967106.27894,-0.555382490158081,62.5527712945573,-0.189068421721458,,14.2643839243147,15.2442790107467,514939140318.756,469.149928973927,-0.0173958707600832
India,2003,3681984671.43429,-0.456320524215698,62.1900538960464,-0.143909424543381,,14.9479138581734,15.6445222747346,607700687237.318,544.143133545002,0.120161645114422
India,2004,5429250989.85717,-0.448476195335388,62.5929767433885,-0.179698884487152,,17.8591249630479,19.6446890963991,709152728830.775,624.258826510066,0.0533560588955879
India,2005,7269407225.61438,-0.363160848617554,62.2265261001737,-0.0987746343016624,,19.6052466948335,22.3964229200356,820383763511.445,710.488080408949,0.13313016295433
India,2006,20029119267.1396,-0.274562805891037,59.6667302762217,-0.0953764915466309,,21.2679414221966,24.4565390770687,940259888787.721,801.668353659022,0.178989619016647
India,2007,25227740886.6819,-0.397690296173096,57.4975363892468,0.136991709470749,,20.7996997489032,24.8865689304448,1216736438834.96,1021.88707706826,0.0968981608748436
India,2008,43406277075.8109,-0.33909797668457,57.2922142809949,-0.0097329141572117,,24.0973572601391,29.2708631790835,1198895139005.92,992.519584923828,0.0958504602313042
India,2009,35581372929.6642,-0.452406287193298,55.2564461117969,-0.0032957887742668,,20.4005193743564,25.8723502685274,1341888016994.9,1094.94974598436,0.0179808251559734
India,2010,27396885033.7839,-0.463754564523697,51.5919103003897,0.0316559858620167,,22.4009332487945,26.8542732486216,1675615519484.96,1347.51939071367,-0.0358108207583427
India,2011,36498654597.8589,-0.540835857391357,51.5565536600977,0.0225540697574615,,24.5404113195713,31.0834686939585,1823051829894.55,1445.46127486037,-0.0862971395254135
India,2012,23995685014.2142,-0.513968110084534,50.6780305618952,-0.15608711540699,,24.534430661418,31.2592910673332,1827637590410.41,1429.32199520032,-0.0628807470202446
India,2013,28153031270.3203,-0.517280995845795,50.3118273627008,-0.157355144619942,,25.430861300519,28.4132706461587,1856721507621.58,1432.84397512195,-0.0458925999701023
India,2014,34576643694.1383,-0.457605749368668,49.9009248748319,-0.222846582531929,,22.9679630081172,25.9542227389497,2039126479154.52,1553.88396075118,-0.0691893845796585
India,2015,44009492129.5319,-0.406574189662933,49.9647183856551,0.0800815001130104,,19.8131891564045,22.1097247094602,2103588360044.94,1583.99815907985,-0.0707211047410965
India,2016,44458571545.798,-0.337335646152496,47.6337555915272,0.0613894164562225,,19.1582349105946,20.9242508026814,2294796885663.16,1707.50892912243,-0.0561538562178612
India,2017,39966091358.7384,-0.291900008916855,47.5836093800197,0.0410966314375401,,18.7917648392982,21.9507321152243,2651474262755.45,1950.10468280866,-0.0297500882297754
India,2018,42117450737.2644,-0.229758977890015,46.5224986659322,0.262917786836624,,19.9278285988562,23.6891407335327,2702929641648.74,1966.25455171679,-0.0014220889424905
India,2019,50610647353.5912,-0.30260244011879,,0.130771830677986,62.0,18.664264897257,21.2411386333872,2835606256558.19,2041.42863698585,-0.0672271549701691
India,2020,64362364994.3754,-0.293598413467407,,0.374532461166382,,18.6824769296756,19.0756283996012,2674851578587.27,1907.04251637669,-0.0584247447550297
India,2021,44727277562.881,-0.317147105932236,,0.249238416552544,,21.3991583305515,24.0239304534931,3167270623260.47,2239.61384367482,-0.108451806008816
India,2022,49940258404.266,-0.322223275899887,,0.369541674852371,,23.2004878372097,26.7648321318227,3353470496886.33,2352.61392452078,0.113943412899971
India,2023,28078983530.3979,-0.366014748811722,,0.47511014342308,,21.8482115022381,24.0736387142048,3567551674623.01,2480.79208721621,0.188364565372467
"Iran, Islamic Rep.",1991,22590000.0,,,,,13.8243202860878,30.3698513622526,131637664957.524,2194.43906802841,
"Iran, Islamic Rep.",1992,8500000.0,,,,,13.1645906691731,27.2333365829259,119768691216.667,1957.48507794252,
"Iran, Islamic Rep.",1993,207550000.0,,,,,25.4101116465792,20.6307526783539,63743623231.2312,1038.10985680796,
"Iran, Islamic Rep.",1994,2000000.0,,,,,28.2861924142116,13.3229439840581,71841461172.2365,1167.7627251321,
"Iran, Islamic Rep.",1995,17000000.0,,,,,21.6762407038307,13.4680042114432,96419225744.9927,1550.0095955237,
"Iran, Islamic Rep.",1996,26000000.0,-0.480606764554977,,-0.600068271160126,,20.1951302404086,15.0261689151036,120403931883.348,1914.78121290985,-0.940338909626007
"Iran, Islamic Rep.",1997,53000000.0,,,,,17.2779308649525,15.3716272465331,113919163421.479,1790.06617576107,
"Iran, Islamic Rep.",1998,24000000.0,-0.460588485002518,,-0.490328997373581,,12.6833809122559,16.5448387339609,110276913362.445,1709.19334095949,-0.683586835861206
"Iran, Islamic Rep.",1999,35000000.0,,,,,19.2920231959411,15.5933909385495,113848450088.686,1739.59462001971,
"Iran, Islamic Rep.",2000,39000000.0,-0.40113028883934,,-0.492341905832291,,21.4670575687982,19.7901898960966,109591707801.431,1650.01385832603,-0.519492506980896
"Iran, Islamic Rep.",2001,408118760.0,,,,,19.303320356832,21.232246123348,126878750295.583,1881.02266634748,
"Iran, Islamic Rep.",2002,3519380360.0,-0.218060061335564,,-0.616700828075409,,24.4139021535169,23.7587843982946,128626917504.398,1891.25756092031,-0.821777701377869
"Iran, Islamic Rep.",2003,2877481500.0,-0.311086535453796,,-0.565392553806305,,24.62747283048,26.0516329444293,151911222120.261,2208.99636553529,-0.680515766143799
"Iran, Islamic Rep.",2004,3037299840.0,-0.359162539243698,,-0.501296877861023,,25.2669282561482,26.0469290708994,187754571246.703,2672.42266512669,-0.673581480979919
"Iran, Islamic Rep.",2005,2889191670.0,-0.477626025676727,,-0.662730693817139,,30.3308191860484,24.1096760765685,224970371328.826,3132.05081925856,-0.865804314613342
"Iran, Islamic Rep.",2006,2317538500.0,-0.484105497598648,,-0.555354535579681,,29.869035250349,23.2983234635772,265602187406.199,3618.9160136791,-0.994356155395508
"Iran, Islamic Rep.",2007,2017791750.0,-0.556039273738861,,-0.648909568786621,,28.8436124049704,21.0436945169436,349736591836.295,4687.99166265915,-1.02745187282562
"Iran, Islamic Rep.",2008,1979988010.0,-0.755060851573944,,-0.682821750640869,,26.577127451621,21.6522753221445,406070949550.867,5377.41150725587,-0.97846394777298
"Iran, Islamic Rep.",2009,2983421910.0,-0.767309308052063,,-0.577192842960358,,22.7114891379066,20.9880910865099,414059094949.597,5415.52280554144,-1.05367839336395
"Iran, Islamic Rep.",2010,3648972410.0,-0.948633968830109,,-0.49773833155632,,24.3996532830257,19.3709904543267,487069570461.36,6291.19443652344,-1.02666425704956
"Iran, Islamic Rep.",2011,4276718690.0,-0.880579233169556,,-0.452714681625366,,24.9333131264674,16.2861016653904,629082257472.368,8025.68743364356,-0.967787086963654
"Iran, Islamic Rep.",2012,4661734400.0,-0.797346830368042,,-0.542041420936584,,22.4753001992586,21.6140464814866,644019315003.54,8114.08099831877,-0.918653786182404
"Iran, Islamic Rep.",2013,3049945000.0,-0.693914532661438,,-0.690026342868805,,25.1829067419072,21.9038111775683,500399839839.877,6222.74194840326,-0.997067153453827
"Iran, Islamic Rep.",2014,2105494000.0,-0.62561160326004,,-0.438457310199738,,22.8306723891643,22.5207477521518,462284793280.825,5672.06372896319,-1.05286180973053
"Iran, Islamic Rep.",2015,2050000000.0,-0.634078562259674,,-0.253069669008255,,18.7208345068656,20.7017541543144,409191686496.677,4952.73355532178,-0.940354943275452
"Iran, Islamic Rep.",2016,3372000000.0,-0.739870667457581,,-0.237505525350571,,21.1617079991403,19.2261389217023,459042684192.698,5477.03712389913,-0.695977568626404
"Iran, Islamic Rep.",2017,5019000000.0,-0.838968336582184,,-0.241994991898537,,22.7356882630098,22.0091825028989,489168731811.147,5753.11544659399,-0.7025266289711
"Iran, Islamic Rep.",2018,2373000000.0,-0.984446704387665,,-0.47861048579216,,31.1163801000709,27.4487096151447,398880231367.268,4631.78709016514,-0.712859213352203
"Iran, Islamic Rep.",2019,1508000000.0,-1.07153975963593,,-0.599589228630066,127.0,23.4838672675323,27.2704670825754,333519146339.191,3831.27894763337,-0.771478950977325
"Iran, Islamic Rep.",2020,1342000000.0,-1.1111307144165,,-1.01759469509125,,19.4246090258049,24.3855556612928,262186179355.944,2988.78122414716,-0.88682621717453
"Iran, Islamic Rep.",2021,1425000000.0,-1.11621344089508,,-0.887051045894623,,22.8392319889567,21.5346020619098,383436202446.695,4334.79268631354,-0.966482520103455
"Iran, Islamic Rep.",2022,1500000000.0,-1.12661647796631,,-0.882911622524261,,26.8158865548081,24.7816202562159,394362621793.035,4405.09291519791,-1.01758456230164
"Iran, Islamic Rep.",2023,1422333330.0,-1.23189043998718,,-1.02239692211151,,24.2011132509509,27.9790625604926,404625655204.619,4465.63766994952,-1.06095492839813
New Zealand,1991,1691366070.0,,,,,29.1613463740835,25.4742190688062,42745329732.163,12230.0734548834,
New Zealand,1992,1088200070.0,,,,,31.1916767728346,28.0423820769771,41649829859.6342,11793.1392416214,
New Zealand,1993,2211822690.0,,,,,30.6024238841265,26.9512267218445,46775620817.4327,13094.3454502639,
New Zealand,1994,2616630700.0,,,,,30.7781456953642,28.0364238410596,55314732279.1379,15280.3127842922,
New Zealand,1995,2849961940.0,,,,,29.3933663078266,27.5208861548693,63918703506.9075,17400.4201848172,
New Zealand,1996,3918617040.0,2.11024570465088,,1.77176654338837,,28.3488788439284,26.7672921138268,70140835299.0148,18794.436039393,1.85839378833771
New Zealand,1997,1917456790.0,,,,,28.3203739922721,26.9264895291704,66075143415.4952,17474.187029724,
New Zealand,1998,1825772780.0,2.14845299720764,,1.62870609760284,,29.6173216258214,28.2786961975549,56227169851.0448,14738.4455703918,1.85049915313721
New Zealand,1999,941464110.0,,,,,30.9505515371504,30.4506795962165,58762260625.8758,15322.2238340267,
New Zealand,2000,-1507812033.25805,2.18196034431458,,1.58685111999512,,35.7454584901409,32.7714683867522,52623281956.7031,13641.1027183822,1.79541397094727
New Zealand,2001,259321576.796311,,,,,35.4310398408851,31.8027845111567,53872425916.6248,13882.8568268586,
New Zealand,2002,2848556986.63852,2.2625732421875,32.7763842551838,1.6784462928772,,32.8470717038637,29.8089228515842,66627729311.4495,16874.1874918196,1.79115116596222
New Zealand,2003,-3363941288.043,2.28462529182434,48.2453384728239,1.76194429397583,,29.8397254017245,28.0750439440285,88250885550.2626,21913.7081719961,1.84832954406738
New Zealand,2004,2319819298.42871,2.35213804244995,43.8675166117793,1.9400452375412,,29.5434106069527,29.2561416675833,103905210084.034,25420.234882944,1.84883081912994
New Zealand,2005,1906665963.75812,2.19131422042847,44.1698490827743,1.74136209487915,,28.2851654320382,29.7335780086782,114720129550.095,27751.0654708859,1.84639847278595
New Zealand,2006,2912645686.56863,2.32255101203918,42.9524894769889,1.58340215682983,,29.6086137531685,29.9946512871794,111538810712.665,26654.5932018985,1.79479086399078
New Zealand,2007,4335506075.9374,2.31768393516541,36.9753526219646,1.65778410434723,,29.2731139479196,29.1520466269894,137188946865.584,32479.9817381467,1.82681655883789
New Zealand,2008,2591966537.02927,2.29752516746521,36.0960054063757,1.66906487941742,,32.0787092277964,32.3300212242484,133131369930.414,31252.9625640673,1.85065972805023
New Zealand,2009,-52385533.2387358,2.3803186416626,31.9414277406372,1.84807932376862,,28.73391077007,26.4118122352772,121373602348.679,28209.3623271229,1.92267489433289
New Zealand,2010,286306902.9756,2.32940340042114,34.8105506978391,1.81132459640503,,30.2736276814431,27.9779878234698,146517541181.254,33676.7741239925,1.86188757419586
New Zealand,2011,1378410924.39879,2.29086756706238,48.135830634183,1.87170588970184,,30.3943106604704,28.8447636483124,168295307149.46,38388.5280906616,1.89464735984802
New Zealand,2012,3846884018.51781,2.30788779258728,51.6565054668175,1.79215371608734,,28.8587271373003,28.1630757630096,176210710655.208,39974.2997334925,1.88321006298065
New Zealand,2013,-69519935.4200306,2.33418917655945,46.4495246931876,1.7499874830246,,28.813086079288,27.2030996963019,190909855416.34,42977.388040868,1.87013530731201
New Zealand,2014,3251563602.3094,2.24941229820251,43.9103004132691,1.92498862743378,,27.9795137186391,27.168632750856,201337554959.49,44578.2253868016,2.00404477119446
New Zealand,2015,-73372796.4211776,2.23321151733398,42.9302575989538,1.85281825065613,,27.9525601318731,26.9357118525276,178104220784.881,38639.3501941427,1.96533977985382
New Zealand,2016,2008111275.18134,2.23673152923584,41.4034426972586,1.8059014081955,,26.639813972,25.8224405487973,188898209220.167,40070.8956577431,1.9136335849762
New Zealand,2017,2390035935.47737,2.19591546058655,38.6627179042666,1.72795903682709,,27.5873336910609,26.6028948418431,206566916732.292,42913.186956185,1.88447558879852
New Zealand,2018,2516488849.6393,2.13542580604553,36.6308100322367,1.62871909141541,,27.8839087705317,27.9152635928054,211846555690.736,43228.6976473771,1.83380126953125
New Zealand,2019,2915754514.32092,2.13093376159668,32.7886249322913,1.63243579864502,1.0,27.3503056565813,27.1141375841523,212846907683.439,42747.2099299966,1.84377896785736
New Zealand,2020,4135119591.14727,2.11690759658813,46.1185059391692,1.53874325752258,,21.7285787458231,22.2535915510134,212697530897.56,41785.6922905898,1.83839273452759
New Zealand,2021,4539913924.62292,2.16975808143616,51.369754769912,1.30568933486938,,22.3372987322993,26.2123468357678,253644079784.977,49624.1816729553,1.78116655349731
New Zealand,2022,8340194362.34964,2.16323399543762,54.5666722344428,1.34026157855988,,24.3948255658574,29.692093415291,246733522841.353,48216.5095836302,1.73037374019623
New Zealand,2023,3592037225.12847,2.08409547805786,,1.5299768447876,,24.0744573859555,26.9494047256673,252175506110.168,48280.8114166238,1.70570802688599
Russian Federation,1991,,,,,,13.2713621737576,12.9853414372542,517962962962.963,3490.45239257813,
Russian Federation,1992,1161000000.0,,,,,62.3224618621778,48.2546028406102,460290556900.726,3098.802734375,
Russian Federation,1993,1210782000.0,,,,,38.2045944842866,30.4938487551746,435083713850.837,2930.67016601563,
Russian Federation,1994,689570000.0,,,,,27.7583790421613,23.1953336062219,395077301248.464,2662.10400390625,
Russian Federation,1995,2065720000.0,,,,,29.2890113495619,25.8938941161638,395537185734.854,2665.77978515625,
Russian Federation,1996,2579330000.0,-1.05334162712097,,-0.452226608991623,,26.0729881302908,21.8495126891282,391724890744.498,2643.92919921875,-0.794187605381012
Russian Federation,1997,4864650000.0,,,,,24.7298415292289,22.527079880846,404928954191.876,2737.57202148438,
Russian Federation,1998,2761360000.0,-0.95437353849411,143.948999533393,-0.662553489208221,,31.22120547318,24.5510478117966,270955486862.442,1834.86181640625,-0.855796992778778
Russian Federation,1999,3256530000.0,,100.744137724205,,,43.2199685128244,26.1733129859875,195907128350.934,1330.75720214844,
Russian Federation,2000,2678030000.0,-0.943414032459259,62.1488888669576,-0.673456251621246,,44.0604413055146,24.0334657318409,259710142196.943,1771.59411621094,-1.08369505405426
Russian Federation,2001,2847300000.0,,48.9836153351704,,,36.8934935960337,24.2173650683869,306602070620.5,2100.3525390625,
Russian Federation,2002,3473830000.0,-0.954848229885101,41.3527168644107,-0.376179724931717,,35.2125940630626,24.432851668898,345470494417.863,2377.52954101563,-0.874504148960114
Russian Federation,2003,7928630000.0,-0.783091723918915,,-0.499138176441193,,35.2499817757806,23.8782872318208,430347420184.885,2975.123046875,-0.957668244838715
Russian Federation,2004,15402990000.0,-0.825626492500305,,-0.484211027622223,,34.4178910554597,22.1639613429458,591016690732.385,4102.36474609375,-0.915175259113312
Russian Federation,2005,15508050000.0,-0.847120821475983,16.6608684477983,-0.526238322257996,,35.2030659651181,21.5101825254241,764015973481.11,5323.455078125,-0.963954508304596
Russian Federation,2006,37594770000.0,-0.940847754478455,9.89107286046746,-0.468877643346786,,33.7304754439762,21.0029264232898,989932071352.543,6920.19970703125,-0.987496435642242
Russian Federation,2007,55873680000.0,-1.01758086681366,7.15843011658404,-0.412203580141068,,30.164060484537,21.5420622609236,1299703478481.65,9101.2392578125,-1.00755798816681
Russian Federation,2008,74782910000.0,-1.12522864341736,6.49528743788997,-0.416781842708588,,31.3095603335689,22.072905707322,1660848058303.11,11635.2841796875,-1.01145589351654
Russian Federation,2009,36583100000.0,-1.14130687713623,8.69786633503919,-0.497236013412476,,27.9381012041521,20.496959823666,1222645900055.7,8562.82421875,-0.806498229503632
Russian Federation,2010,43167780000.0,-1.09921479225159,9.09810564473106,-0.601686894893646,,29.2155607849758,21.1399447022831,1524916715223.95,10674.990234375,-0.79579108953476
Russian Federation,2011,55083630000.0,-1.07437682151794,8.64108194430582,-0.601444661617279,,28.0553614798549,19.9800379279369,2045922753398.04,14305.33203125,-0.747264206409454
Russian Federation,2012,50587560000.0,-1.05157160758972,8.55140859340356,-0.534914612770081,,26.9073203393663,20.2440700464294,2208293553878.42,15401.8515625,-0.857621252536774
Russian Federation,2013,69218890000.0,-1.02072441577911,9.06725564048848,-0.452954411506653,,25.845336826255,20.441812574244,2292470078346.22,15941.4482421875,-0.821814119815826
Russian Federation,2014,22031340000.0,-0.918883323669434,11.2004612827286,-0.195760622620583,,27.1110970517525,20.6902442110591,2059241589895.01,14055.47265625,-0.773192346096039
Russian Federation,2015,6852970000.0,-0.974069595336914,13.5407657768558,-0.332078844308853,,28.703389442924,20.6559598687647,1363482182197.71,9277.7138671875,-0.815131187438965
Russian Federation,2016,32538900000.0,-0.838650405406952,14.2417395793548,-0.324105769395828,,25.8544829769167,20.6636368626929,1276786350881.14,8663.158203125,-0.845054090023041
Russian Federation,2017,28557440000.0,-0.91468071937561,16.3253741158845,-0.191041514277458,,26.0908809797568,20.7856433573743,1574199360089.0,10658.9130859375,-0.845929563045502
Russian Federation,2018,8784850000.0,-0.869339644908905,16.1685789853238,-0.103785149753094,,30.7932568020743,20.7876435683221,1657328773461.31,11211.8876953125,-0.832721412181854
Russian Federation,2019,31974770000.0,-0.822259068489075,17.2760484379376,0.0241736769676208,29.0,28.4334306799759,20.7953229819275,1693115002708.32,11447.701171875,-0.771243870258331
Russian Federation,2020,9478810000.0,-0.930568337440491,22.992021036968,-0.111088737845421,,25.5221855113549,20.4447226915578,1493075894362.14,10108.3271484375,-0.80521035194397
Russian Federation,2021,40450000000.0,-0.921020746231079,20.8666992191571,-0.210440874099731,,29.7712144927837,20.4252266104753,1843392293734.38,12521.5224609375,-0.886179327964783
Russian Federation,2022,-39800944226.9806,-0.979839682579041,19.5062376778091,-0.696263790130615,,28.0257191670312,15.2329856559408,2266029240645.34,15445.2421875,-1.19659042358398
Russian Federation,2023,-10045103795.0207,-1.10467827320099,,-0.712461888790131,,23.0830029980002,18.7455221845073,2021421476035.42,13817.0458984375,-1.18764269351959
Saudi Arabia,1991,160000000.0,,,,,38.3083994377757,36.390899397386,132223230974.633,11847.1699534218,
Saudi Arabia,1992,-78933333.3333333,,,,,39.1068068578908,35.9852277198409,137087850467.29,11730.2687665244,
Saudi Arabia,1993,1367200000.0,,,,,34.3528159609611,33.4541584247889,132967957276.368,10884.8607880777,
Saudi Arabia,1994,349333333.333333,,,,,34.0009481856073,26.0703632736108,135174899866.489,10601.9196697805,
Saudi Arabia,1995,-1874666666.66667,,,,,37.3378413620953,27.7038858462799,143343124165.554,10786.4008952769,
Saudi Arabia,1996,-1127466666.66667,-0.163303330540657,,-0.183629289269447,,40.0228209447804,26.6309991231776,158662483311.081,11471.5045960191,0.114562630653381
Saudi Arabia,1997,3039466666.66667,,,,,39.1585979206286,26.0294690234163,165963684913.218,11545.3455998551,
Saudi Arabia,1998,4283466666.66667,-0.263509094715118,,-0.219085738062859,,29.6323817967762,26.4560108137963,146775466666.667,9836.05729768574,0.0467006266117096
Saudi Arabia,1999,-778933333.333333,,,,,34.6664709888381,23.1795778305815,161717066666.667,10452.1899400479,
Saudi Arabia,2000,-1881066666.66667,-0.195145681500435,,-0.229407846927643,,43.4052690306903,24.7611797698264,189514933333.333,11714.5623675159,-0.165411278605461
Saudi Arabia,2001,19640000.0,,,,,39.633694222871,23.9268894565803,184137600000.0,10805.311325122,
Saudi Arabia,2002,-614133333.333333,0.182221665978432,,-0.337844789028168,,40.94880327191,23.6439941380154,189605866666.667,10586.0543471363,-0.0178285911679268
Saudi Arabia,2003,-586506666.666667,-0.167679190635681,,-0.366576313972473,,45.8541491871159,23.977021521626,215807733333.333,11487.220410693,0.108946494758129
Saudi Arabia,2004,-334320000.0,-0.297835916280746,,-0.386468946933746,,50.9853310838178,24.0975055731163,258742133333.333,13154.4978989446,0.0121128251776099
Saudi Arabia,2005,4385456396.44643,-0.103524342179298,,-0.391905188560486,,57.050742989557,24.9033329514589,328459608764.111,15975.7473782258,-0.022657472640276
Saudi Arabia,2006,5975887388.89812,-0.195399954915047,,-0.198544204235077,,59.8319082445442,30.1126964323542,376900133511.348,17563.6145370639,0.011266702786088
Saudi Arabia,2007,6175321114.57166,-0.169473513960838,,-0.136533141136169,,59.9374401392842,34.9258769574815,415964509673.115,18596.1502627898,0.067988209426403
Saudi Arabia,2008,5505983968.58641,-0.0146756879985332,,-0.109230503439903,,62.1115020331022,33.9911288411164,519796800000.0,22320.4888964331,0.0687283277511597
Saudi Arabia,2009,436351281.582907,-0.0205527171492577,,-0.110996946692467,,47.0886206534391,37.7697209090451,429097866666.667,17718.3911648365,0.0451107770204544
Saudi Arabia,2010,4878894395.2517,0.0369552858173847,,-0.0236956626176834,,49.5697395517012,32.9800376316971,528207200000.0,22028.3790215788,0.149531841278076
Saudi Arabia,2011,4683855881.26771,-0.312528073787689,,-0.317042857408524,,55.6022747873791,29.2591176725599,676634666666.667,26966.2941648251,0.0465363264083862
Saudi Arabia,2012,5035060850.94588,-0.045678298920393,,0.01908940076828,,53.8410467239193,29.0093916576831,741849866666.667,28348.5730107499,0.14434976875782
Saudi Arabia,2013,3371408456.52722,-0.0275518335402012,,0.057302076369524,,51.4209095745584,30.4963013690877,753864533333.333,27290.1978052614,0.153234601020813
Saudi Arabia,2014,1509063087.30335,0.0814037397503853,,0.192474737763405,,46.2481894216307,33.3134592934674,766605866666.667,27079.6733871148,0.13271252810955
Saudi Arabia,2015,3970644084.62136,0.0213859882205725,,0.154987290501595,,32.5639317986462,36.9399569658794,669484266666.667,22453.571552265,0.0975649878382683
Saudi Arabia,2016,21954833889.9561,0.198880642652512,,0.214122653007507,,30.1591591591592,29.7462662662663,666000000000.0,21515.6600083775,0.315819621086121
Saudi Arabia,2017,1014062501.14037,0.332312196493149,,0.210743635892868,,33.5657515394054,28.2485650242613,714994666666.667,23081.2045336558,0.0772835165262222
Saudi Arabia,2018,12141122232.904,0.330702602863312,,0.273804366588593,,37.1985098382865,24.7570706925938,846583733333.333,28036.0264674095,0.117757342755795
Saudi Arabia,2019,3079217251.32355,0.246933832764626,,0.261275202035904,63.0,34.0891962076157,26.1089900267695,838564800000.0,27892.8421521179,0.145257651805878
Saudi Arabia,2020,1621264195.43532,0.241704508662224,,0.113618113100529,,24.9019708249486,24.8115047047104,734271200000.0,23271.4037647084,0.215450674295425
Saudi Arabia,2021,28350373333.3334,0.282917559146881,,0.464676141738892,,32.774653494342,24.3681600690647,874156000000.0,28396.0864182336,0.205605715513229
Saudi Arabia,2022,26710062133.3334,0.357307374477386,,0.582258403301239,,40.221276968341,23.2923909521515,1108571466666.67,34454.1957708412,0.289913713932037
Saudi Arabia,2023,22803498160.5829,0.536042988300323,,0.796441078186035,,34.7492004368248,27.3778074633889,1067582933333.33,32093.9622984711,0.414570838212967
South Africa,1991,254133621.740141,,33.9135908287352,,,19.3408153425832,15.5407939143944,135203698237.977,3243.23616023953,
South Africa,1992,3358018.17406729,,36.9022310979407,,,18.9551466044412,15.3662068949062,146956150986.636,3462.39400202835,
South Africa,1993,11290546.0235309,,39.9507720898509,,,19.914366630953,15.7837577150899,147194747565.75,3399.64009566241,
South Africa,1994,374410441.074407,,44.8169697430772,,,19.549337805111,17.5652713615169,153512712381.836,3488.59711541763,
South Africa,1995,1248424932.7343,,44.8686189886337,,,20.0378606077754,19.4401731715272,171735933897.331,3855.6340871567,
South Africa,1996,816389273.755429,0.73292738199234,44.2298759185659,1.02049589157104,,21.7747432189724,20.4245085135556,163234925380.563,3617.55336002932,0.0879291966557503
South Africa,1997,3810543923.03317,,43.1755459966557,,,21.6605918552042,20.6407425739789,168978057327.73,3700.23554789867,
South Africa,1998,550338595.971811,0.638808608055115,44.6542617733798,0.624708473682404,,22.5192718175416,21.5164735193548,152982984557.233,3309.60933087472,0.157686293125153
South Africa,1999,1503332454.41012,,42.1780316027359,,,22.2692159746602,19.9890800426071,151516957078.536,3242.36830483958,
South Africa,2000,968831355.959091,0.550269722938538,39.6390583837328,0.645909368991852,,24.4043033106919,21.8164184247158,151752757215.309,3217.84693448467,0.148772299289703
South Africa,2001,7270344986.4768,,,,,26.3566606345688,22.8142845512603,135429905922.526,2847.15191945908,
South Africa,2002,1479804588.75227,0.332901507616043,,0.607831418514252,,28.4311672176802,25.0343344117566,129087556612.449,2688.23676032806,0.0273917205631733
South Africa,2003,783136092.25814,0.275540828704834,,0.599580049514771,,23.9152733614034,21.8085892075755,197018965308.697,4062.21755993786,0.0375992655754089
South Africa,2004,701422007.629779,0.397753119468689,,0.559140086174011,,22.7575187856654,22.8860564383387,255806908594.573,5221.46333731721,0.0045162658207118
South Africa,2005,6522098178.18051,0.483857184648514,,0.567057847976685,,23.5997644915436,23.8280169054893,288867217196.534,5836.87663325127,-0.0119512537494302
South Africa,2006,623291744.34352,0.37827143073082,,0.325101375579834,,26.098249881712,27.6698913924026,303858675363.643,6077.38293388876,0.181309819221497
South Africa,2007,6586792253.1097,0.197672486305237,,0.283431172370911,,27.958964394702,29.166174743045,333077117253.684,6591.85535960564,0.0002555813989602
South Africa,2008,9885001293.44358,0.153828725218773,,0.332178503274918,,32.2546736710677,33.7198501285556,316131258616.309,6184.75474328399,0.0054177613928914
South Africa,2009,7624489973.88189,0.125426694750786,,0.310807675123215,,24.9827464883237,24.6047888395564,329754060647.129,6374.70560042992,0.0724230706691742
South Africa,2010,3693271715.48139,0.0653930976986885,,0.191702410578728,,25.7834176267221,24.6226695358778,417363822801.713,7973.47195771517,0.0977494567632675
South Africa,2011,4139289122.68737,-0.0042337053455412,,0.217559650540352,,27.6981484703752,26.9382019655219,458199494830.834,8646.05571071635,0.129662588238716
South Africa,2012,4626029122.40007,-0.184170603752136,,0.170115306973457,,27.1391491937679,28.4434679995666,434400545085.811,8076.97678479741,0.0844441577792168
South Africa,2013,8232518815.62083,-0.138074696063995,,0.30602103471756,,28.379280320361,30.4957473096901,400886013595.573,7331.65467384919,0.135300785303116
South Africa,2014,5791659020.09997,-0.125287011265755,,0.165043815970421,,29.0006193033471,30.4989547517121,381198869776.106,6856.73137092522,0.155199274420738
South Africa,2015,1521139945.30532,-0.0708397477865219,52.6511572360833,0.0873290970921516,,27.7136384124829,29.0130377322327,346709790458.563,6112.27382485974,0.0157780386507511
South Africa,2016,2215307020.39541,0.0170262884348631,53.7387913884354,0.101402580738068,,28.1560881698955,27.7051693349827,323585509674.481,5651.20585165749,0.0435598641633987
South Africa,2017,2058579911.05235,-0.12777316570282,56.2597208390879,0.0707959234714508,,27.3400757812216,26.1958560481525,381448814653.456,6618.33508255701,-0.15624788403511
South Africa,2018,5569462350.15205,-0.136797428131104,59.1023114070608,0.103647440671921,,27.4970371508423,26.9885079767917,405260723892.517,6914.1780318076,-0.22182808816433
South Africa,2019,5116098443.48715,-0.0312809906899929,64.5892781351104,0.127971157431602,84.0,27.2021294051151,26.6958670030255,389330032224.269,6533.71121032856,-0.188336730003357
South Africa,2020,3153552569.39325,-0.0594757050275803,75.7255090793216,0.0465345233678818,,27.5759141603963,23.1837449200214,337974655408.055,5580.60383075189,-0.243993982672691
South Africa,2021,40658789144.9382,-0.0341691114008427,73.8065091009354,-0.0701303705573082,,31.1035988061883,24.9311150310516,420886877628.703,6843.39941886204,0.0649796947836876
South Africa,2022,9238990828.45043,-0.33009460568428,76.2372383337531,-0.109027646481991,,33.3714495540545,31.4115525789563,406920004594.074,6523.41097815853,0.0407747849822044
South Africa,2023,3442331506.38971,-0.284670442342758,,-0.256946682929993,,32.7545268670556,32.4255686817089,380699271814.508,6022.5425418935,0.0862350836396217
United Arab Emirates,1991,25940000.0,,,,,,,51552165622.4462,25690.9686321448,
United Arab Emirates,1992,129720000.0,,,,,,,54239171887.769,25648.2727760844,
United Arab Emirates,1993,401320000.0,,,,,,,55625170253.337,25032.7822702907,
United Arab Emirates,1994,62460000.0,,,,,,,59305093979.842,25472.6396578979,
United Arab Emirates,1995,399850000.0,,,,,,,65743666575.8649,27003.2006807782,
United Arab Emirates,1996,300520000.0,-0.0055790590122342,,0.776639640331268,,,,73571233996.1863,28323.1650870532,0.688413977622986
United Arab Emirates,1997,232430000.0,,,,,,,78839008444.5655,27982.7957040564,
United Arab Emirates,1998,257660000.0,0.033033475279808,,0.752557337284088,,,,75674336283.1858,24889.4269192279,0.716092944145203
United Arab Emirates,1999,-985340000.0,,,,,,,84445473110.9598,25855.8605046587,
United Arab Emirates,2000,-506330000.0,0.103345222771168,,0.747685492038727,,,,104337372362.151,29865.502347066,0.655752897262573
United Arab Emirates,2001,1183840000.0,,,,,49.1592253276122,40.7053546013305,103311640571.818,27745.1708087672,
United Arab Emirates,2002,95300000.0,1.11161923408508,,0.796371579170227,,49.5033473840813,43.5683114306968,109816201497.617,27753.6089526346,0.702703297138214
United Arab Emirates,2003,4255956430.0,0.826036751270294,,0.537254989147186,,55.9231992151745,46.3769702756087,124346358066.712,29659.5428567811,0.544806301593781
United Arab Emirates,2004,10003500000.0,1.03947734832764,,0.687684059143066,,63.5677298138648,53.0548827099662,147824370319.946,33376.7152295209,0.433262318372726
United Arab Emirates,2005,10899931930.0,0.990808546543121,,0.716674387454987,,67.5853113898841,51.9675602523703,180617467964.602,38719.3138307623,0.389575779438019
United Arab Emirates,2006,12805990470.0,0.885872542858124,,0.945923328399658,,68.6277976715135,50.8428719062721,222116541865.214,44342.6048322482,0.31153592467308
United Arab Emirates,2007,14186521440.0,1.00609827041626,,0.943043947219849,,72.3840975003088,64.4140553654625,257916133424.098,45854.7325158162,0.274766087532043
United Arab Emirates,2008,5062972000.0,1.07145047187805,,0.898490905761719,,78.86788870154,69.6456553241827,315474615738.598,50054.1700681803,0.417219996452332
United Arab Emirates,2009,1134288140.0,0.906304717063904,,1.00920045375824,,79.6533178621862,73.8086264961866,253547358747.447,37803.0663738777,0.399278730154037
United Arab Emirates,2010,8796769640.0,0.890833914279938,,0.918635427951813,,79.3926734584927,59.4994234510332,300189052694.029,43696.6712597922,0.317414134740829
United Arab Emirates,2011,7152095830.0,1.07048761844635,,1.07076179981232,,87.5386024447076,59.8540595708254,360832739558.385,50789.0505418347,0.498547106981277
United Arab Emirates,2012,9566651350.0,1.15573620796204,,1.16282367706299,,97.6349633792212,62.3355072430771,384610125384.033,52034.4762466073,0.534359633922577
United Arab Emirates,2013,9764914530.0,1.27354276180267,1.84568513687825,1.19010066986084,,98.0075860877962,63.092896368003,400218529747.597,52023.5170958751,0.613428473472595
United Arab Emirates,2014,11071537020.0,1.19880998134613,,1.45158290863037,,97.2525706477931,66.4350143515023,414105366758.911,51381.4069909213,0.651002466678619
United Arab Emirates,2015,8550901850.0,1.03457427024841,,1.5004917383194,,96.8278056353074,72.6484310679123,370275469560.166,43534.9972681733,0.614161610603333
United Arab Emirates,2016,9604773000.0,1.13167703151703,,1.4101870059967,,97.6631210860929,73.3137080819945,369255326235.771,41326.4018161834,0.819037973880768
United Arab Emirates,2017,10354223000.0,1.09575378894806,,1.40890324115753,,97.8543060321274,73.0665008487005,390516804016.501,42340.5917145576,0.768334984779358
United Arab Emirates,2018,10385286000.0,1.11705148220062,,1.42633962631226,,93.7169810173454,65.9257962668894,427049432149.345,45689.8570040215,0.774245142936707
United Arab Emirates,2019,17874660000.0,1.07238209247589,,1.38027024269104,16.0,96.8595999313045,73.2085188940452,417989721734.494,44251.4541390148,0.808277487754822
United Arab Emirates,2020,19884470000.0,1.08361399173737,,1.2852668762207,,100.23015894653,85.0503934921793,349473015336.939,37173.8754100281,0.875135958194733
United Arab Emirates,2021,20667120000.0,1.15039455890656,,1.36370348930359,,102.40308410817,83.7058484917282,415178792769.884,43360.0211014806,0.798968315124512
United Arab Emirates,2022,22736560000.0,1.1556144952774,,1.29912793636322,,103.812252334383,85.1332094129937,502731935197.487,49899.0652978649,0.836056530475616
United Arab Emirates,2023,30687540000.0,1.07366383075714,,1.60428190231323,,108.61087139274,93.7216646058461,514130432653.081,49040.6947525825,0.881900131702423
United States,1991,34550000000.0,,44.0615972806026,,,9.66090512231881,10.1255430017786,6158129000000.0,24342.2589048189,
United States,1992,30310000000.0,,46.0501444176036,,,9.70891490564814,10.2416795967442,6520327000000.0,25418.9907763319,
United States,1993,50230000000.0,,48.2461403335599,,,9.54718039168286,10.4974383102923,6858559000000.0,26387.2937338171,
United States,1994,55940000000.0,,47.3534821707435,,,9.89314741556332,11.162311746182,7287236000000.0,27694.853416234,
United States,1995,69080000000.0,,47.2095352870886,,,10.639223880261,11.8141577687958,7639749000000.0,28690.8757013347,
United States,1996,97660000000.0,1.57104122638702,46.7417685500108,1.52492046356201,,10.7466355642836,11.9404364259576,8073122000000.0,29967.7127181749,1.5002189874649
United States,1997,122150000000.0,,44.1174824705231,,,11.1197577117574,12.3085700908604,8577552000000.0,31459.1299691554,
United States,1998,211150000000.0,1.54939877986908,41.1291544339911,1.6985274553299,,10.5152625281963,12.3106314515674,9062817000000.0,32853.6725949234,1.56696021556854
United States,1999,312449000000.0,,37.7272880185298,,,10.3093372229257,13.004232506698,9631172000000.0,34515.3813073394,
United States,2000,349125000000.0,1.60359740257263,33.2676418736523,1.72488653659821,,10.6927727297913,14.4102128270623,10250952000000.0,36329.9702595751,1.56463289260864
United States,2001,172496000000.0,,52.4430470096709,,,9.70344820873397,13.2637348067635,10581929000000.0,37133.6203973517,
United States,2002,111055000000.0,1.87359666824341,53.861925419714,1.62092781066895,,9.13138565379718,13.1549985598093,10929108000000.0,37997.7424300242,1.51690554618835
United States,2003,117106000000.0,1.7044905424118,56.2497806912263,1.54012453556061,,9.03565240541354,13.5916448812678,11456450000000.0,39490.3023903176,1.55444955825806
United States,2004,213641000000.0,1.81070196628571,56.6617331832934,1.74025785923004,,9.62874787307988,14.8193087841105,12217196000000.0,41724.6411982614,1.41830444335938
United States,2005,142344000000.0,1.53672695159912,56.5383512496973,1.53101277351379,,9.98205641037558,15.6565009333013,13039197000000.0,44123.3996470026,1.5282701253891
United States,2006,298463000000.0,1.34489262104034,55.4668811298083,1.5816855430603,,10.641389509223,16.3338962966673,13815583000000.0,46301.9876485519,1.59266018867493
United States,2007,346613000000.0,1.37706923484802,55.6594728230065,1.64327275753021,,11.4637892950146,16.5482262680953,14474228000000.0,48050.227412195,1.61114573478699
United States,2008,341092000000.0,1.43763339519501,63.814672066672,1.60507559776306,,12.4258439246081,17.441943601098,14769862000000.0,48570.0594269601,1.62871420383453
United States,2009,161083000000.0,1.28647637367249,75.8415954284505,1.50298464298248,,10.9322190593537,13.8273085764833,14478067000000.0,47194.9500893872,1.59132015705109
United States,2010,264039000000.0,1.26525807380676,84.9639420529151,1.55227208137512,,12.3413554322086,15.878527508625,15048971000000.0,48650.6643227232,1.63102221488953
United States,2011,263497000000.0,1.26211905479431,89.5463716940778,1.5137984752655,,13.5634637825829,17.2790147933311,15599732000000.0,50065.9789470675,1.59098601341248
United States,2012,250345000000.0,1.40279400348663,93.6488624010011,1.5213223695755,,13.6440512687054,17.0377883064876,16253970000000.0,51784.4114692048,1.62034177780151
United States,2013,288131000000.0,1.30592489242554,95.322114632447,1.51647663116455,,13.5534918818154,16.3878144030073,16880683000000.0,53409.7507774372,1.54942762851715
United States,2014,251856000000.0,1.37137806415558,95.4538236808457,1.46162545681,,13.5082142132235,16.3983551242045,17608138000000.0,55304.3155317137,1.60697412490845
United States,2015,511434000000.0,1.35772120952606,95.9558008657985,1.43219923973083,,12.4111486301271,15.2770653039497,18295019000000.0,57040.2082136605,1.56301236152649
United States,2016,474388000000.0,1.33089566230774,97.9285891936857,1.44050490856171,,11.8881592273253,14.5644385592212,18804913000000.0,58206.6141931844,1.58059740066528
United States,2017,380823000000.0,1.34053254127502,97.0213034788418,1.51742815971375,,12.177481026766,14.9478571955214,19612102000000.0,60322.2614241747,1.60897934436798
United States,2018,214715000000.0,1.2927473783493,98.4494626296129,1.53697216510773,,12.2871107596266,15.1582483706352,20656516000000.0,63201.0458483771,1.47568726539612
United States,2019,315984000000.0,1.18035709857941,100.032349144953,1.45341503620148,6.0,11.7891974097286,14.4692832148142,21539982000000.0,65604.6815198734,1.4241726398468
United States,2020,137066000000.0,1.03783190250397,124.550890800621,1.27459323406219,,10.0736556273372,13.0061222420701,21354105000000.0,64411.3731779373,1.33649373054504
United States,2021,475805000000.0,1.01927757263184,118.450755665757,1.2975310087204,,10.7909781995156,14.422677831261,23681171000000.0,71318.3073592183,1.38915693759918
United States,2022,408982000000.0,1.10414469242096,112.889632760053,1.25549554824829,,11.6022279170372,15.2894619130397,26006893000000.0,78035.1753604212,1.36920201778412
United States,2023,348784000000.0,1.12343263626099,114.877162773867,1.21720099449158,,11.0115112856601,13.8878518583345,27720709000000.0,82769.4122114216,1.3276778459549
